insert into VENUE (ID, VENUE_NAME, LINK_MORE_INFO, CAPACITY,
                   FOOD_PROVIDED, INDOOR, OUTDOOR, FREE_PARKING_AVAILABLE,
                   CITY, DISTANCE_FROM_PUBLIC_TRANSPORT_IN_KM)
values (1, 'De Club', 'https://transitm.mechelen.be/de-club',
        150, false, true, false, true, 'Mechelen', 2);

insert into VENUE (ID, VENUE_NAME, LINK_MORE_INFO, CAPACITY,
                   FOOD_PROVIDED, INDOOR, OUTDOOR, FREE_PARKING_AVAILABLE,
                   CITY, DISTANCE_FROM_PUBLIC_TRANSPORT_IN_KM)
values (2, 'De Loods', 'https://transitm.mechelen.be/de-loods',
        1000, false, true, false, true, 'Mechelen', 2);

insert into VENUE (ID, VENUE_NAME, LINK_MORE_INFO, CAPACITY,
                   FOOD_PROVIDED, INDOOR, OUTDOOR, FREE_PARKING_AVAILABLE,
                   CITY, DISTANCE_FROM_PUBLIC_TRANSPORT_IN_KM)
values (3, 'Zapoi', 'https://www.facebook.com/KafeeZapoi/',
        150, true, true, false, false, 'Mechelen', 4);

insert into VENUE (ID, VENUE_NAME, LINK_MORE_INFO, CAPACITY,
                   FOOD_PROVIDED, INDOOR, OUTDOOR, FREE_PARKING_AVAILABLE,
                   CITY, DISTANCE_FROM_PUBLIC_TRANSPORT_IN_KM)
values (4, 'De Kuub', 'http://www.dekuub.be',
        150, true, true, true, false, 'Mechelen', 4);

insert into VENUE (ID, VENUE_NAME, LINK_MORE_INFO, CAPACITY,
                   FOOD_PROVIDED, INDOOR, OUTDOOR, FREE_PARKING_AVAILABLE,
                   CITY, DISTANCE_FROM_PUBLIC_TRANSPORT_IN_KM)
values (5, 't''Ile Maline', 'https://www.tilemalines.be',
        400, true, true, true, false, 'Mechelen', 6);

insert into VENUE (ID, VENUE_NAME, LINK_MORE_INFO, CAPACITY,
                   FOOD_PROVIDED, INDOOR, OUTDOOR, FREE_PARKING_AVAILABLE,
                   CITY, DISTANCE_FROM_PUBLIC_TRANSPORT_IN_KM)
values (6, 'Nekkerhal', 'https://www.nekkerhalbrusselsnorth.com/nl/organiseer/hal/',
        8800, false, true, false, true, 'Mechelen', 4);

insert into VENUE (ID, VENUE_NAME, LINK_MORE_INFO, CAPACITY,
                   FOOD_PROVIDED, INDOOR, OUTDOOR, FREE_PARKING_AVAILABLE,
                   CITY, DISTANCE_FROM_PUBLIC_TRANSPORT_IN_KM)
values (7, 'Nekkerbox', 'https://www.nekkerhalbrusselsnorth.com/nl/organiseer/nekkerbox/',
        2500, false, true, false, true, 'Mechelen', 4);

insert into VENUE (ID, VENUE_NAME, LINK_MORE_INFO, CAPACITY,
                   FOOD_PROVIDED, INDOOR, OUTDOOR, FREE_PARKING_AVAILABLE,
                   CITY, DISTANCE_FROM_PUBLIC_TRANSPORT_IN_KM)
values (8, 'Lamot', 'http://lamot-mechelen.be/',
        300, true, true, true, false, 'Mechelen', 3);

insert into VENUE (ID, VENUE_NAME, LINK_MORE_INFO, CAPACITY,
                   FOOD_PROVIDED, INDOOR, OUTDOOR, FREE_PARKING_AVAILABLE,
                   CITY, DISTANCE_FROM_PUBLIC_TRANSPORT_IN_KM)
values (9, 'Passade', 'https://www.passade.be/nl/feestzaal-mechelen',
        150, true, true, true, true, 'Mechelen', 2);

insert into VENUE (ID, VENUE_NAME, LINK_MORE_INFO, CAPACITY,
                   FOOD_PROVIDED, INDOOR, OUTDOOR, FREE_PARKING_AVAILABLE,
                   CITY, DISTANCE_FROM_PUBLIC_TRANSPORT_IN_KM)
values (10, 'Tivoli', 'https://www.kasteeltivoli.be/locatie',
        500, true, true, true, true, 'Mechelen', 8);

insert into VENUE (ID, VENUE_NAME, LINK_MORE_INFO, CAPACITY,
                   FOOD_PROVIDED, INDOOR, OUTDOOR, FREE_PARKING_AVAILABLE,
                   CITY, DISTANCE_FROM_PUBLIC_TRANSPORT_IN_KM)
values (11, 'Kruidtuin', 'https://www.mechelen.be/kruidtuin',
        500, false, false, true, false, 'Mechelen', 1);


INSERT INTO ARTIST (
	ID, ARTIST_NAME, BIO, GENRE, LINK_MORE_INFO, PORTFOLIO)
VALUES (
	1, 'Discobaar a moeder',
	'Discobaar A Moeder, een ondertussen legendarisch Antwerps fenomeen, draait al mee van in 2002. Het begon als een cafégrap van twee bevriende vinylfreaks, de grap houden ze er in, van draaien in een café genieten ze nog steeds, maar van een groots festival op z''n tijd zijn ze niet vies.',
	'Pop, Soul, Disco', 'http://www.discobaaramoeder.be/', 'Lotto Arena 6/03/2020');

INSERT INTO ARTIST (
	ID, ARTIST_NAME, BIO, GENRE, LINK_MORE_INFO, PORTFOLIO)
VALUES (
	2, 'Radio Botanique', 'Radio Botanique: helemaal geen radio. Eigenlijk gewoon een discobaar. Vaste Parkpop (Mechelen) dansers en swingers.',
	'voor de lol', 'https://www.facebook.com/radiobotanique/', 'bekend van Parkpop');

INSERT INTO ARTIST (
	ID, ARTIST_NAME, BIO, GENRE, LINK_MORE_INFO, PORTFOLIO)
VALUES (
	3, 'DJ Koen',
	'Als allround DJ draai ik o.a. genres als de 90s, top 40, feest- en clubmuziek. Wekelijks draai ik op o.a. studentenfeesten, bruiloften, in kroegen, clubs en meer.',
	'90s, top 40, feest- en clubmuziek', 'https://www.facebook.com/DJKoenMossink/', '');

INSERT INTO ARTIST (
	ID, ARTIST_NAME, BIO, GENRE, LINK_MORE_INFO, PORTFOLIO)
VALUES (
	4, 'C-Man',
	'- 2nd place MNM Start To DJ 2016 - - Versuz - - Carré - - Sunrise Festival - - Ikon (Noxx) - - La Rocca - ... His First single ''Nothing is forever'' came out on 2Dutch (A music label from the Netherlands) in the summer of 2018.',
	'deephouse, EDM', 'https://www.facebook.com/cmandj/', 'Q-hotspot 17/07/2020');

INSERT INTO ARTIST (
	ID, ARTIST_NAME, BIO, GENRE, LINK_MORE_INFO, PORTFOLIO)
VALUES (
	5, 'Robbe Roels',
	'Wie Mechelen zegt zegt Robbe Roels, waar de 20-jarige dj 3 jaar geleden begon op kleine privé feestjes en gelegenheden draait hij nu elk weekend op de grootste fuiven in zijn regio. Al blijft het daar echter niet bij, andere studentensteden zoals o.a. Leuven maar evengoed de Normandische kust zijn al getroffen door zijn prestaties.',
	'Allround, Dance, Techno', 'https://vi.be/platform/robberoels', 'Shake That Asspi 2020');

INSERT INTO ARTIST (
	ID, ARTIST_NAME, BIO, GENRE, LINK_MORE_INFO, PORTFOLIO)
VALUES (
	6, 'Toloko',
	'My name is Stan, also known as Toloko, the DJ who adds the right amount of loco-ness to your party! I am an upcoming DJ talent in the region of Zemst, Belgium. I started my career behind the turntables at the age of 20 at local parties. Entertaining the crowd and making people dance to my music, makes me happy. Every gig, I bring my party people a new and customized set and I introduce them to the latest tracks.',
	'house, r&b', 'https://www.toloko.be/', '');

INSERT INTO ARTIST (
	ID, ARTIST_NAME, BIO, GENRE, LINK_MORE_INFO, PORTFOLIO)
VALUES (
	7, 'Tough Titty',
	'A Belgian Tribute to 80''s Glam and Heavy Metal',
	'', 'https://www.facebook.com/Tough-Titty-277601302444865', '');

INSERT INTO ARTIST (
	ID, ARTIST_NAME, BIO, GENRE, LINK_MORE_INFO, PORTFOLIO)
VALUES (
	8, 'Kryptonight',
	'Twee kerels die er al vijf jaar van houden om het publiek uit hun dak te zien gaan! Onze missie: Het leven is een feest en daar moet gedanst worden. Hoe doen we dat? Met onze Latin-, Dancehall- en een vleugje Commercialplaten voor alle leeftijden zorgen we voor ieder wat wils.',
	'Moombahton • Dancehall • Commercial', 'https://vi.be/platform/kryptonight', 'SOME GIG''s: Tomorrowland''s Dreamville, MnM Start to Dj Finalist Flowtrack Summer Camp Casa Blanca Festival Sunrise Festival Red ''n Blue Café Local Noxx Publik Vice Festival KdG TD ...');




INSERT INTO PARTY
(ID, name, price_presale_in_eur, price_in_eur, extra_info, date, doors, venue_Id)
VALUES
 (1,  'Big Spring Party', 6, 10, '1 cocktail included',
 '2022-03-21', '10:00', 1);

INSERT INTO PARTY
(ID, name, price_presale_in_eur, price_in_eur, extra_info, date, doors, venue_Id)
VALUES
 (2,  'Liberty 2022', 4, 6, 'free vestiaire, viplounge',
  '2022-04-15', '22:00', 2);

INSERT INTO PARTY
(ID, name, price_presale_in_eur, price_in_eur, extra_info, date, doors, venue_Id)
VALUES
 (3,  'Uppercuts', null, null, ' ',
'2022-03-16', '21:00', 4);

INSERT INTO PARTY
(ID, name, price_presale_in_eur, price_in_eur, extra_info, date, doors, venue_Id)
VALUES
 (4,  'Zoetzuur', null, null, 'Zoete house / Zure techno',
'2022-03-22', '21:00', 4);

INSERT INTO PARTY
(ID, name, price_presale_in_eur, price_in_eur, extra_info, date, doors, venue_Id)
VALUES
 (5,  'Oldies but Goldies', null, null, 'afterparty@home van THE BOX!',
'2022-03-28', '21:00', 4);

INSERT INTO PARTY
(ID, name, price_presale_in_eur, price_in_eur, extra_info, date, doors, venue_Id)
VALUES
    (6,  'Sapphire Soiree', 45, 45, 'JCI Mechelen bestaat 45 jaar! En dat saffieren jubileum vieren we graag in stijl met een galabal in Kasteel Tivoli. En jij kan erbij zijn!',
     '2022-03-05', '21:00', 10);

INSERT INTO PARTY_ARTISTS (PARTIES_ID, ARTISTS_ID) VALUES (1, 1);
INSERT INTO PARTY_ARTISTS (PARTIES_ID, ARTISTS_ID) VALUES (1, 2);
INSERT INTO PARTY_ARTISTS (PARTIES_ID, ARTISTS_ID) VALUES (2, 2);
INSERT INTO PARTY_ARTISTS (PARTIES_ID, ARTISTS_ID) VALUES (3, 3);
INSERT INTO PARTY_ARTISTS (PARTIES_ID, ARTISTS_ID) VALUES (3, 5);
INSERT INTO PARTY_ARTISTS (PARTIES_ID, ARTISTS_ID) VALUES (4, 5);

INSERT INTO ANIMAL (ID, NAME, CITY, BIO)
VALUES (1, 'Gillende Giraf', 'Mechelen','maakt altijd veel lawaai');
INSERT INTO ANIMAL (ID, NAME, CITY, BIO)
VALUES (2, 'Dorstige Dromedaris', 'Leest','drinkt alles op');
INSERT INTO ANIMAL (ID, NAME, CITY, BIO)
values (3, 'Dansende Draak', 'Hombeek','de stukken vliegen ervan af');
INSERT INTO ANIMAL (ID, NAME, CITY, BIO)
values (4, 'Zingende Zebra', 'Leest','denkt dat hij goed kan zingen');
INSERT INTO ANIMAL (ID, NAME, CITY, BIO)
values (5, 'Drinkende Das', 'Hombeek','stopt niet');
INSERT INTO ANIMAL (ID, NAME, CITY, BIO)
values (6, 'Zuipende Zalm', 'Rumst','die wil je niet op je feest');
INSERT INTO ANIMAL (ID, NAME, CITY, BIO)
values (7, 'Feestende Flamingo', 'Mechelen','jeeeee');
INSERT INTO ANIMAL (ID, NAME, CITY, BIO)
values (8, 'Kotsende Kikker', 'Mechelen','aie aie aie');

INSERT INTO ANIMAL_PARTIES(ANIMALS_ID, PARTIES_ID) values (1,1);
INSERT INTO ANIMAL_PARTIES(ANIMALS_ID, PARTIES_ID) values (2,2);
INSERT INTO ANIMAL_PARTIES(ANIMALS_ID, PARTIES_ID) values (2,3);
INSERT INTO ANIMAL_PARTIES(ANIMALS_ID, PARTIES_ID) values (2,4);
INSERT INTO ANIMAL_PARTIES(ANIMALS_ID, PARTIES_ID) values (2,5);
INSERT INTO ANIMAL_PARTIES(ANIMALS_ID, PARTIES_ID) values (3,1);
INSERT INTO ANIMAL_PARTIES(ANIMALS_ID, PARTIES_ID) values (3,2);
INSERT INTO ANIMAL_PARTIES(ANIMALS_ID, PARTIES_ID) values (4,3);
INSERT INTO ANIMAL_PARTIES(ANIMALS_ID, PARTIES_ID) values (5,4);
INSERT INTO ANIMAL_PARTIES(ANIMALS_ID, PARTIES_ID) values (5,5);
INSERT INTO ANIMAL_PARTIES(ANIMALS_ID, PARTIES_ID) values (5,1);
INSERT INTO ANIMAL_PARTIES(ANIMALS_ID, PARTIES_ID) values (5,2);
INSERT INTO ANIMAL_PARTIES(ANIMALS_ID, PARTIES_ID) values (6,3);
INSERT INTO ANIMAL_PARTIES(ANIMALS_ID, PARTIES_ID) values (7,4);
INSERT INTO ANIMAL_PARTIES(ANIMALS_ID, PARTIES_ID) values (8,1);
INSERT INTO ANIMAL_PARTIES(ANIMALS_ID, PARTIES_ID) values (8,2);
INSERT INTO ANIMAL_PARTIES(ANIMALS_ID, PARTIES_ID) values (8,3);
